"1 1749",58
"2 1749",62.6
"3 1749",70
"4 1749",55.7
"5 1749",85
"6 1749",83.5
"7 1749",94.8
"8 1749",66.3
"9 1749",75.9
"10 1749",75.5
"11 1749",158.6
"12 1749",85.2
"1 1750",73.3
"2 1750",75.9
"3 1750",89.2
"4 1750",88.3
"5 1750",90
"6 1750",100
"7 1750",85.4
"8 1750",103
"9 1750",91.2
"10 1750",65.7
"11 1750",63.3
"12 1750",75.4
"1 1751",70
"2 1751",43.5
"3 1751",45.3
"4 1751",56.4
"5 1751",60.7
"6 1751",50.7
"7 1751",66.3
"8 1751",59.8
"9 1751",23.5
"10 1751",23.2
"11 1751",28.5
"12 1751",44
"1 1752",35
"2 1752",50
"3 1752",71
"4 1752",59.3
"5 1752",59.7
"6 1752",39.6
"7 1752",78.4
"8 1752",29.3
"9 1752",27.1
"10 1752",46.6
"11 1752",37.6
"12 1752",40
"1 1753",44
"2 1753",32
"3 1753",45.7
"4 1753",38
"5 1753",36
"6 1753",31.7
"7 1753",22.2
"8 1753",39
"9 1753",28
"10 1753",25
"11 1753",20
"12 1753",6.7
"1 1754",0
"2 1754",3
"3 1754",1.7
"4 1754",13.7
"5 1754",20.7
"6 1754",26.7
"7 1754",18.8
"8 1754",12.3
"9 1754",8.2
"10 1754",24.1
"11 1754",13.2
"12 1754",4.2
"1 1755",10.2
"2 1755",11.2
"3 1755",6.8
"4 1755",6.5
"5 1755",0
"6 1755",0
"7 1755",8.6
"8 1755",3.2
"9 1755",17.8
"10 1755",23.7
"11 1755",6.8
"12 1755",20
"1 1756",12.5
"2 1756",7.1
"3 1756",5.4
"4 1756",9.4
"5 1756",12.5
"6 1756",12.9
"7 1756",3.6
"8 1756",6.4
"9 1756",11.8
"10 1756",14.3
"11 1756",17
"12 1756",9.4
"1 1757",14.1
"2 1757",21.2
"3 1757",26.2
"4 1757",30
"5 1757",38.1
"6 1757",12.8
"7 1757",25
"8 1757",51.3
"9 1757",39.7
"10 1757",32.5
"11 1757",64.7
"12 1757",33.5
"1 1758",37.6
"2 1758",52
"3 1758",49
"4 1758",72.3
"5 1758",46.4
"6 1758",45
"7 1758",44
"8 1758",38.7
"9 1758",62.5
"10 1758",37.7
"11 1758",43
"12 1758",43
"1 1759",48.3
"2 1759",44
"3 1759",46.8
"4 1759",47
"5 1759",49
"6 1759",50
"7 1759",51
"8 1759",71.3
"9 1759",77.2
"10 1759",59.7
"11 1759",46.3
"12 1759",57
"1 1760",67.3
"2 1760",59.5
"3 1760",74.7
"4 1760",58.3
"5 1760",72
"6 1760",48.3
"7 1760",66
"8 1760",75.6
"9 1760",61.3
"10 1760",50.6
"11 1760",59.7
"12 1760",61
"1 1761",70
"2 1761",91
"3 1761",80.7
"4 1761",71.7
"5 1761",107.2
"6 1761",99.3
"7 1761",94.1
"8 1761",91.1
"9 1761",100.7
"10 1761",88.7
"11 1761",89.7
"12 1761",46
"1 1762",43.8
"2 1762",72.8
"3 1762",45.7
"4 1762",60.2
"5 1762",39.9
"6 1762",77.1
"7 1762",33.8
"8 1762",67.7
"9 1762",68.5
"10 1762",69.3
"11 1762",77.8
"12 1762",77.2
"1 1763",56.5
"2 1763",31.9
"3 1763",34.2
"4 1763",32.9
"5 1763",32.7
"6 1763",35.8
"7 1763",54.2
"8 1763",26.5
"9 1763",68.1
"10 1763",46.3
"11 1763",60.9
"12 1763",61.4
"1 1764",59.7
"2 1764",59.7
"3 1764",40.2
"4 1764",34.4
"5 1764",44.3
"6 1764",30
"7 1764",30
"8 1764",30
"9 1764",28.2
"10 1764",28
"11 1764",26
"12 1764",25.7
"1 1765",24
"2 1765",26
"3 1765",25
"4 1765",22
"5 1765",20.2
"6 1765",20
"7 1765",27
"8 1765",29.7
"9 1765",16
"10 1765",14
"11 1765",14
"12 1765",13
"1 1766",12
"2 1766",11
"3 1766",36.6
"4 1766",6
"5 1766",26.8
"6 1766",3
"7 1766",3.3
"8 1766",4
"9 1766",4.3
"10 1766",5
"11 1766",5.7
"12 1766",19.2
"1 1767",27.4
"2 1767",30
"3 1767",43
"4 1767",32.9
"5 1767",29.8
"6 1767",33.3
"7 1767",21.9
"8 1767",40.8
"9 1767",42.7
"10 1767",44.1
"11 1767",54.7
"12 1767",53.3
"1 1768",53.5
"2 1768",66.1
"3 1768",46.3
"4 1768",42.7
"5 1768",77.7
"6 1768",77.4
"7 1768",52.6
"8 1768",66.8
"9 1768",74.8
"10 1768",77.8
"11 1768",90.6
"12 1768",111.8
"1 1769",73.9
"2 1769",64.2
"3 1769",64.3
"4 1769",96.7
"5 1769",73.6
"6 1769",94.4
"7 1769",118.6
"8 1769",120.3
"9 1769",148.8
"10 1769",158.2
"11 1769",148.1
"12 1769",112
"1 1770",104
"2 1770",142.5
"3 1770",80.1
"4 1770",51
"5 1770",70.1
"6 1770",83.3
"7 1770",109.8
"8 1770",126.3
"9 1770",104.4
"10 1770",103.6
"11 1770",132.2
"12 1770",102.3
"1 1771",36
"2 1771",46.2
"3 1771",46.7
"4 1771",64.9
"5 1771",152.7
"6 1771",119.5
"7 1771",67.7
"8 1771",58.5
"9 1771",101.4
"10 1771",90
"11 1771",99.7
"12 1771",95.7
"1 1772",100.9
"2 1772",90.8
"3 1772",31.1
"4 1772",92.2
"5 1772",38
"6 1772",57
"7 1772",77.3
"8 1772",56.2
"9 1772",50.5
"10 1772",78.6
"11 1772",61.3
"12 1772",64
"1 1773",54.6
"2 1773",29
"3 1773",51.2
"4 1773",32.9
"5 1773",41.1
"6 1773",28.4
"7 1773",27.7
"8 1773",12.7
"9 1773",29.3
"10 1773",26.3
"11 1773",40.9
"12 1773",43.2
"1 1774",46.8
"2 1774",65.4
"3 1774",55.7
"4 1774",43.8
"5 1774",51.3
"6 1774",28.5
"7 1774",17.5
"8 1774",6.6
"9 1774",7.9
"10 1774",14
"11 1774",17.7
"12 1774",12.2
"1 1775",4.4
"2 1775",0
"3 1775",11.6
"4 1775",11.2
"5 1775",3.9
"6 1775",12.3
"7 1775",1
"8 1775",7.9
"9 1775",3.2
"10 1775",5.6
"11 1775",15.1
"12 1775",7.9
"1 1776",21.7
"2 1776",11.6
"3 1776",6.3
"4 1776",21.8
"5 1776",11.2
"6 1776",19
"7 1776",1
"8 1776",24.2
"9 1776",16
"10 1776",30
"11 1776",35
"12 1776",40
"1 1777",45
"2 1777",36.5
"3 1777",39
"4 1777",95.5
"5 1777",80.3
"6 1777",80.7
"7 1777",95
"8 1777",112
"9 1777",116.2
"10 1777",106.5
"11 1777",146
"12 1777",157.3
"1 1778",177.3
"2 1778",109.3
"3 1778",134
"4 1778",145
"5 1778",238.9
"6 1778",171.6
"7 1778",153
"8 1778",140
"9 1778",171.7
"10 1778",156.3
"11 1778",150.3
"12 1778",105
"1 1779",114.7
"2 1779",165.7
"3 1779",118
"4 1779",145
"5 1779",140
"6 1779",113.7
"7 1779",143
"8 1779",112
"9 1779",111
"10 1779",124
"11 1779",114
"12 1779",110
"1 1780",70
"2 1780",98
"3 1780",98
"4 1780",95
"5 1780",107.2
"6 1780",88
"7 1780",86
"8 1780",86
"9 1780",93.7
"10 1780",77
"11 1780",60
"12 1780",58.7
"1 1781",98.7
"2 1781",74.7
"3 1781",53
"4 1781",68.3
"5 1781",104.7
"6 1781",97.7
"7 1781",73.5
"8 1781",66
"9 1781",51
"10 1781",27.3
"11 1781",67
"12 1781",35.2
"1 1782",54
"2 1782",37.5
"3 1782",37
"4 1782",41
"5 1782",54.3
"6 1782",38
"7 1782",37
"8 1782",44
"9 1782",34
"10 1782",23.2
"11 1782",31.5
"12 1782",30
"1 1783",28
"2 1783",38.7
"3 1783",26.7
"4 1783",28.3
"5 1783",23
"6 1783",25.2
"7 1783",32.2
"8 1783",20
"9 1783",18
"10 1783",8
"11 1783",15
"12 1783",10.5
"1 1784",13
"2 1784",8
"3 1784",11
"4 1784",10
"5 1784",6
"6 1784",9
"7 1784",6
"8 1784",10
"9 1784",10
"10 1784",8
"11 1784",17
"12 1784",14
"1 1785",6.5
"2 1785",8
"3 1785",9
"4 1785",15.7
"5 1785",20.7
"6 1785",26.3
"7 1785",36.3
"8 1785",20
"9 1785",32
"10 1785",47.2
"11 1785",40.2
"12 1785",27.3
"1 1786",37.2
"2 1786",47.6
"3 1786",47.7
"4 1786",85.4
"5 1786",92.3
"6 1786",59
"7 1786",83
"8 1786",89.7
"9 1786",111.5
"10 1786",112.3
"11 1786",116
"12 1786",112.7
"1 1787",134.7
"2 1787",106
"3 1787",87.4
"4 1787",127.2
"5 1787",134.8
"6 1787",99.2
"7 1787",128
"8 1787",137.2
"9 1787",157.3
"10 1787",157
"11 1787",141.5
"12 1787",174
"1 1788",138
"2 1788",129.2
"3 1788",143.3
"4 1788",108.5
"5 1788",113
"6 1788",154.2
"7 1788",141.5
"8 1788",136
"9 1788",141
"10 1788",142
"11 1788",94.7
"12 1788",129.5
"1 1789",114
"2 1789",125.3
"3 1789",120
"4 1789",123.3
"5 1789",123.5
"6 1789",120
"7 1789",117
"8 1789",103
"9 1789",112
"10 1789",89.7
"11 1789",134
"12 1789",135.5
"1 1790",103
"2 1790",127.5
"3 1790",96.3
"4 1790",94
"5 1790",93
"6 1790",91
"7 1790",69.3
"8 1790",87
"9 1790",77.3
"10 1790",84.3
"11 1790",82
"12 1790",74
"1 1791",72.7
"2 1791",62
"3 1791",74
"4 1791",77.2
"5 1791",73.7
"6 1791",64.2
"7 1791",71
"8 1791",43
"9 1791",66.5
"10 1791",61.7
"11 1791",67
"12 1791",66
"1 1792",58
"2 1792",64
"3 1792",63
"4 1792",75.7
"5 1792",62
"6 1792",61
"7 1792",45.8
"8 1792",60
"9 1792",59
"10 1792",59
"11 1792",57
"12 1792",56
"1 1793",56
"2 1793",55
"3 1793",55.5
"4 1793",53
"5 1793",52.3
"6 1793",51
"7 1793",50
"8 1793",29.3
"9 1793",24
"10 1793",47
"11 1793",44
"12 1793",45.7
"1 1794",45
"2 1794",44
"3 1794",38
"4 1794",28.4
"5 1794",55.7
"6 1794",41.5
"7 1794",41
"8 1794",40
"9 1794",11.1
"10 1794",28.5
"11 1794",67.4
"12 1794",51.4
"1 1795",21.4
"2 1795",39.9
"3 1795",12.6
"4 1795",18.6
"5 1795",31
"6 1795",17.1
"7 1795",12.9
"8 1795",25.7
"9 1795",13.5
"10 1795",19.5
"11 1795",25
"12 1795",18
"1 1796",22
"2 1796",23.8
"3 1796",15.7
"4 1796",31.7
"5 1796",21
"6 1796",6.7
"7 1796",26.9
"8 1796",1.5
"9 1796",18.4
"10 1796",11
"11 1796",8.4
"12 1796",5.1
"1 1797",14.4
"2 1797",4.2
"3 1797",4
"4 1797",4
"5 1797",7.3
"6 1797",11.1
"7 1797",4.3
"8 1797",6
"9 1797",5.7
"10 1797",6.9
"11 1797",5.8
"12 1797",3
"1 1798",2
"2 1798",4
"3 1798",12.4
"4 1798",1.1
"5 1798",0
"6 1798",0
"7 1798",0
"8 1798",3
"9 1798",2.4
"10 1798",1.5
"11 1798",12.5
"12 1798",9.9
"1 1799",1.6
"2 1799",12.6
"3 1799",21.7
"4 1799",8.4
"5 1799",8.2
"6 1799",10.6
"7 1799",2.1
"8 1799",0
"9 1799",0
"10 1799",4.6
"11 1799",2.7
"12 1799",8.6
"1 1800",6.9
"2 1800",9.3
"3 1800",13.9
"4 1800",0
"5 1800",5
"6 1800",23.7
"7 1800",21
"8 1800",19.5
"9 1800",11.5
"10 1800",12.3
"11 1800",10.5
"12 1800",40.1
"1 1801",27
"2 1801",29
"3 1801",30
"4 1801",31
"5 1801",32
"6 1801",31.2
"7 1801",35
"8 1801",38.7
"9 1801",33.5
"10 1801",32.6
"11 1801",39.8
"12 1801",48.2
"1 1802",47.8
"2 1802",47
"3 1802",40.8
"4 1802",42
"5 1802",44
"6 1802",46
"7 1802",48
"8 1802",50
"9 1802",51.8
"10 1802",38.5
"11 1802",34.5
"12 1802",50
"1 1803",50
"2 1803",50.8
"3 1803",29.5
"4 1803",25
"5 1803",44.3
"6 1803",36
"7 1803",48.3
"8 1803",34.1
"9 1803",45.3
"10 1803",54.3
"11 1803",51
"12 1803",48
"1 1804",45.3
"2 1804",48.3
"3 1804",48
"4 1804",50.6
"5 1804",33.4
"6 1804",34.8
"7 1804",29.8
"8 1804",43.1
"9 1804",53
"10 1804",62.3
"11 1804",61
"12 1804",60
"1 1805",61
"2 1805",44.1
"3 1805",51.4
"4 1805",37.5
"5 1805",39
"6 1805",40.5
"7 1805",37.6
"8 1805",42.7
"9 1805",44.4
"10 1805",29.4
"11 1805",41
"12 1805",38.3
"1 1806",39
"2 1806",29.6
"3 1806",32.7
"4 1806",27.7
"5 1806",26.4
"6 1806",25.6
"7 1806",30
"8 1806",26.3
"9 1806",24
"10 1806",27
"11 1806",25
"12 1806",24
"1 1807",12
"2 1807",12.2
"3 1807",9.6
"4 1807",23.8
"5 1807",10
"6 1807",12
"7 1807",12.7
"8 1807",12
"9 1807",5.7
"10 1807",8
"11 1807",2.6
"12 1807",0
"1 1808",0
"2 1808",4.5
"3 1808",0
"4 1808",12.3
"5 1808",13.5
"6 1808",13.5
"7 1808",6.7
"8 1808",8
"9 1808",11.7
"10 1808",4.7
"11 1808",10.5
"12 1808",12.3
"1 1809",7.2
"2 1809",9.2
"3 1809",0.9
"4 1809",2.5
"5 1809",2
"6 1809",7.7
"7 1809",0.3
"8 1809",0.2
"9 1809",0.4
"10 1809",0
"11 1809",0
"12 1809",0
"1 1810",0
"2 1810",0
"3 1810",0
"4 1810",0
"5 1810",0
"6 1810",0
"7 1810",0
"8 1810",0
"9 1810",0
"10 1810",0
"11 1810",0
"12 1810",0
"1 1811",0
"2 1811",0
"3 1811",0
"4 1811",0
"5 1811",0
"6 1811",0
"7 1811",6.6
"8 1811",0
"9 1811",2.4
"10 1811",6.1
"11 1811",0.8
"12 1811",1.1
"1 1812",11.3
"2 1812",1.9
"3 1812",0.7
"4 1812",0
"5 1812",1
"6 1812",1.3
"7 1812",0.5
"8 1812",15.6
"9 1812",5.2
"10 1812",3.9
"11 1812",7.9
"12 1812",10.1
"1 1813",0
"2 1813",10.3
"3 1813",1.9
"4 1813",16.6
"5 1813",5.5
"6 1813",11.2
"7 1813",18.3
"8 1813",8.4
"9 1813",15.3
"10 1813",27.8
"11 1813",16.7
"12 1813",14.3
"1 1814",22.2
"2 1814",12
"3 1814",5.7
"4 1814",23.8
"5 1814",5.8
"6 1814",14.9
"7 1814",18.5
"8 1814",2.3
"9 1814",8.1
"10 1814",19.3
"11 1814",14.5
"12 1814",20.1
"1 1815",19.2
"2 1815",32.2
"3 1815",26.2
"4 1815",31.6
"5 1815",9.8
"6 1815",55.9
"7 1815",35.5
"8 1815",47.2
"9 1815",31.5
"10 1815",33.5
"11 1815",37.2
"12 1815",65
"1 1816",26.3
"2 1816",68.8
"3 1816",73.7
"4 1816",58.8
"5 1816",44.3
"6 1816",43.6
"7 1816",38.8
"8 1816",23.2
"9 1816",47.8
"10 1816",56.4
"11 1816",38.1
"12 1816",29.9
"1 1817",36.4
"2 1817",57.9
"3 1817",96.2
"4 1817",26.4
"5 1817",21.2
"6 1817",40
"7 1817",50
"8 1817",45
"9 1817",36.7
"10 1817",25.6
"11 1817",28.9
"12 1817",28.4
"1 1818",34.9
"2 1818",22.4
"3 1818",25.4
"4 1818",34.5
"5 1818",53.1
"6 1818",36.4
"7 1818",28
"8 1818",31.5
"9 1818",26.1
"10 1818",31.7
"11 1818",10.9
"12 1818",25.8
"1 1819",32.5
"2 1819",20.7
"3 1819",3.7
"4 1819",20.2
"5 1819",19.6
"6 1819",35
"7 1819",31.4
"8 1819",26.1
"9 1819",14.9
"10 1819",27.5
"11 1819",25.1
"12 1819",30.6
"1 1820",19.2
"2 1820",26.6
"3 1820",4.5
"4 1820",19.4
"5 1820",29.3
"6 1820",10.8
"7 1820",20.6
"8 1820",25.9
"9 1820",5.2
"10 1820",9
"11 1820",7.9
"12 1820",9.7
"1 1821",21.5
"2 1821",4.3
"3 1821",5.7
"4 1821",9.2
"5 1821",1.7
"6 1821",1.8
"7 1821",2.5
"8 1821",4.8
"9 1821",4.4
"10 1821",18.8
"11 1821",4.4
"12 1821",0
"1 1822",0
"2 1822",0.9
"3 1822",16.1
"4 1822",13.5
"5 1822",1.5
"6 1822",5.6
"7 1822",7.9
"8 1822",2.1
"9 1822",0
"10 1822",0.4
"11 1822",0
"12 1822",0
"1 1823",0
"2 1823",0
"3 1823",0.6
"4 1823",0
"5 1823",0
"6 1823",0
"7 1823",0.5
"8 1823",0
"9 1823",0
"10 1823",0
"11 1823",0
"12 1823",20.4
"1 1824",21.6
"2 1824",10.8
"3 1824",0
"4 1824",19.4
"5 1824",2.8
"6 1824",0
"7 1824",0
"8 1824",1.4
"9 1824",20.5
"10 1824",25.2
"11 1824",0
"12 1824",0.8
"1 1825",5
"2 1825",15.5
"3 1825",22.4
"4 1825",3.8
"5 1825",15.4
"6 1825",15.4
"7 1825",30.9
"8 1825",25.4
"9 1825",15.7
"10 1825",15.6
"11 1825",11.7
"12 1825",22
"1 1826",17.7
"2 1826",18.2
"3 1826",36.7
"4 1826",24
"5 1826",32.4
"6 1826",37.1
"7 1826",52.5
"8 1826",39.6
"9 1826",18.9
"10 1826",50.6
"11 1826",39.5
"12 1826",68.1
"1 1827",34.6
"2 1827",47.4
"3 1827",57.8
"4 1827",46
"5 1827",56.3
"6 1827",56.7
"7 1827",42.9
"8 1827",53.7
"9 1827",49.6
"10 1827",57.2
"11 1827",48.2
"12 1827",46.1
"1 1828",52.8
"2 1828",64.4
"3 1828",65
"4 1828",61.1
"5 1828",89.1
"6 1828",98
"7 1828",54.3
"8 1828",76.4
"9 1828",50.4
"10 1828",54.7
"11 1828",57
"12 1828",46.6
"1 1829",43
"2 1829",49.4
"3 1829",72.3
"4 1829",95
"5 1829",67.5
"6 1829",73.9
"7 1829",90.8
"8 1829",78.3
"9 1829",52.8
"10 1829",57.2
"11 1829",67.6
"12 1829",56.5
"1 1830",52.2
"2 1830",72.1
"3 1830",84.6
"4 1830",107.1
"5 1830",66.3
"6 1830",65.1
"7 1830",43.9
"8 1830",50.7
"9 1830",62.1
"10 1830",84.4
"11 1830",81.2
"12 1830",82.1
"1 1831",47.5
"2 1831",50.1
"3 1831",93.4
"4 1831",54.6
"5 1831",38.1
"6 1831",33.4
"7 1831",45.2
"8 1831",54.9
"9 1831",37.9
"10 1831",46.2
"11 1831",43.5
"12 1831",28.9
"1 1832",30.9
"2 1832",55.5
"3 1832",55.1
"4 1832",26.9
"5 1832",41.3
"6 1832",26.7
"7 1832",13.9
"8 1832",8.9
"9 1832",8.2
"10 1832",21.1
"11 1832",14.3
"12 1832",27.5
"1 1833",11.3
"2 1833",14.9
"3 1833",11.8
"4 1833",2.8
"5 1833",12.9
"6 1833",1
"7 1833",7
"8 1833",5.7
"9 1833",11.6
"10 1833",7.5
"11 1833",5.9
"12 1833",9.9
"1 1834",4.9
"2 1834",18.1
"3 1834",3.9
"4 1834",1.4
"5 1834",8.8
"6 1834",7.8
"7 1834",8.7
"8 1834",4
"9 1834",11.5
"10 1834",24.8
"11 1834",30.5
"12 1834",34.5
"1 1835",7.5
"2 1835",24.5
"3 1835",19.7
"4 1835",61.5
"5 1835",43.6
"6 1835",33.2
"7 1835",59.8
"8 1835",59
"9 1835",100.8
"10 1835",95.2
"11 1835",100
"12 1835",77.5
"1 1836",88.6
"2 1836",107.6
"3 1836",98.1
"4 1836",142.9
"5 1836",111.4
"6 1836",124.7
"7 1836",116.7
"8 1836",107.8
"9 1836",95.1
"10 1836",137.4
"11 1836",120.9
"12 1836",206.2
"1 1837",188
"2 1837",175.6
"3 1837",134.6
"4 1837",138.2
"5 1837",111.3
"6 1837",158
"7 1837",162.8
"8 1837",134
"9 1837",96.3
"10 1837",123.7
"11 1837",107
"12 1837",129.8
"1 1838",144.9
"2 1838",84.8
"3 1838",140.8
"4 1838",126.6
"5 1838",137.6
"6 1838",94.5
"7 1838",108.2
"8 1838",78.8
"9 1838",73.6
"10 1838",90.8
"11 1838",77.4
"12 1838",79.8
"1 1839",107.6
"2 1839",102.5
"3 1839",77.7
"4 1839",61.8
"5 1839",53.8
"6 1839",54.6
"7 1839",84.7
"8 1839",131.2
"9 1839",132.7
"10 1839",90.8
"11 1839",68.8
"12 1839",63.6
"1 1840",81.2
"2 1840",87.7
"3 1840",55.5
"4 1840",65.9
"5 1840",69.2
"6 1840",48.5
"7 1840",60.7
"8 1840",57.8
"9 1840",74
"10 1840",49.8
"11 1840",54.3
"12 1840",53.7
"1 1841",24
"2 1841",29.9
"3 1841",29.7
"4 1841",42.6
"5 1841",67.4
"6 1841",55.7
"7 1841",30.8
"8 1841",39.3
"9 1841",35.1
"10 1841",28.5
"11 1841",19.8
"12 1841",38.8
"1 1842",20.4
"2 1842",22.1
"3 1842",21.7
"4 1842",26.9
"5 1842",24.9
"6 1842",20.5
"7 1842",12.6
"8 1842",26.5
"9 1842",18.5
"10 1842",38.1
"11 1842",40.5
"12 1842",17.6
"1 1843",13.3
"2 1843",3.5
"3 1843",8.3
"4 1843",8.8
"5 1843",21.1
"6 1843",10.5
"7 1843",9.5
"8 1843",11.8
"9 1843",4.2
"10 1843",5.3
"11 1843",19.1
"12 1843",12.7
"1 1844",9.4
"2 1844",14.7
"3 1844",13.6
"4 1844",20.8
"5 1844",12
"6 1844",3.7
"7 1844",21.2
"8 1844",23.9
"9 1844",6.9
"10 1844",21.5
"11 1844",10.7
"12 1844",21.6
"1 1845",25.7
"2 1845",43.6
"3 1845",43.3
"4 1845",56.9
"5 1845",47.8
"6 1845",31.1
"7 1845",30.6
"8 1845",32.3
"9 1845",29.6
"10 1845",40.7
"11 1845",39.4
"12 1845",59.7
"1 1846",38.7
"2 1846",51
"3 1846",63.9
"4 1846",69.2
"5 1846",59.9
"6 1846",65.1
"7 1846",46.5
"8 1846",54.8
"9 1846",107.1
"10 1846",55.9
"11 1846",60.4
"12 1846",65.5
"1 1847",62.6
"2 1847",44.9
"3 1847",85.7
"4 1847",44.7
"5 1847",75.4
"6 1847",85.3
"7 1847",52.2
"8 1847",140.6
"9 1847",161.2
"10 1847",180.4
"11 1847",138.9
"12 1847",109.6
"1 1848",159.1
"2 1848",111.8
"3 1848",108.9
"4 1848",107.1
"5 1848",102.2
"6 1848",123.8
"7 1848",139.2
"8 1848",132.5
"9 1848",100.3
"10 1848",132.4
"11 1848",114.6
"12 1848",159.9
"1 1849",156.7
"2 1849",131.7
"3 1849",96.5
"4 1849",102.5
"5 1849",80.6
"6 1849",81.2
"7 1849",78
"8 1849",61.3
"9 1849",93.7
"10 1849",71.5
"11 1849",99.7
"12 1849",97
"1 1850",78
"2 1850",89.4
"3 1850",82.6
"4 1850",44.1
"5 1850",61.6
"6 1850",70
"7 1850",39.1
"8 1850",61.6
"9 1850",86.2
"10 1850",71
"11 1850",54.8
"12 1850",60
"1 1851",75.5
"2 1851",105.4
"3 1851",64.6
"4 1851",56.5
"5 1851",62.6
"6 1851",63.2
"7 1851",36.1
"8 1851",57.4
"9 1851",67.9
"10 1851",62.5
"11 1851",50.9
"12 1851",71.4
"1 1852",68.4
"2 1852",67.5
"3 1852",61.2
"4 1852",65.4
"5 1852",54.9
"6 1852",46.9
"7 1852",42
"8 1852",39.7
"9 1852",37.5
"10 1852",67.3
"11 1852",54.3
"12 1852",45.4
"1 1853",41.1
"2 1853",42.9
"3 1853",37.7
"4 1853",47.6
"5 1853",34.7
"6 1853",40
"7 1853",45.9
"8 1853",50.4
"9 1853",33.5
"10 1853",42.3
"11 1853",28.8
"12 1853",23.4
"1 1854",15.4
"2 1854",20
"3 1854",20.7
"4 1854",26.4
"5 1854",24
"6 1854",21.1
"7 1854",18.7
"8 1854",15.8
"9 1854",22.4
"10 1854",12.7
"11 1854",28.2
"12 1854",21.4
"1 1855",12.3
"2 1855",11.4
"3 1855",17.4
"4 1855",4.4
"5 1855",9.1
"6 1855",5.3
"7 1855",0.4
"8 1855",3.1
"9 1855",0
"10 1855",9.7
"11 1855",4.3
"12 1855",3.1
"1 1856",0.5
"2 1856",4.9
"3 1856",0.4
"4 1856",6.5
"5 1856",0
"6 1856",5
"7 1856",4.6
"8 1856",5.9
"9 1856",4.4
"10 1856",4.5
"11 1856",7.7
"12 1856",7.2
"1 1857",13.7
"2 1857",7.4
"3 1857",5.2
"4 1857",11.1
"5 1857",29.2
"6 1857",16
"7 1857",22.2
"8 1857",16.9
"9 1857",42.4
"10 1857",40.6
"11 1857",31.4
"12 1857",37.2
"1 1858",39
"2 1858",34.9
"3 1858",57.5
"4 1858",38.3
"5 1858",41.4
"6 1858",44.5
"7 1858",56.7
"8 1858",55.3
"9 1858",80.1
"10 1858",91.2
"11 1858",51.9
"12 1858",66.9
"1 1859",83.7
"2 1859",87.6
"3 1859",90.3
"4 1859",85.7
"5 1859",91
"6 1859",87.1
"7 1859",95.2
"8 1859",106.8
"9 1859",105.8
"10 1859",114.6
"11 1859",97.2
"12 1859",81
"1 1860",81.5
"2 1860",88
"3 1860",98.9
"4 1860",71.4
"5 1860",107.1
"6 1860",108.6
"7 1860",116.7
"8 1860",100.3
"9 1860",92.2
"10 1860",90.1
"11 1860",97.9
"12 1860",95.6
"1 1861",62.3
"2 1861",77.8
"3 1861",101
"4 1861",98.5
"5 1861",56.8
"6 1861",87.8
"7 1861",78
"8 1861",82.5
"9 1861",79.9
"10 1861",67.2
"11 1861",53.7
"12 1861",80.5
"1 1862",63.1
"2 1862",64.5
"3 1862",43.6
"4 1862",53.7
"5 1862",64.4
"6 1862",84
"7 1862",73.4
"8 1862",62.5
"9 1862",66.6
"10 1862",42
"11 1862",50.6
"12 1862",40.9
"1 1863",48.3
"2 1863",56.7
"3 1863",66.4
"4 1863",40.6
"5 1863",53.8
"6 1863",40.8
"7 1863",32.7
"8 1863",48.1
"9 1863",22
"10 1863",39.9
"11 1863",37.7
"12 1863",41.2
"1 1864",57.7
"2 1864",47.1
"3 1864",66.3
"4 1864",35.8
"5 1864",40.6
"6 1864",57.8
"7 1864",54.7
"8 1864",54.8
"9 1864",28.5
"10 1864",33.9
"11 1864",57.6
"12 1864",28.6
"1 1865",48.7
"2 1865",39.3
"3 1865",39.5
"4 1865",29.4
"5 1865",34.5
"6 1865",33.6
"7 1865",26.8
"8 1865",37.8
"9 1865",21.6
"10 1865",17.1
"11 1865",24.6
"12 1865",12.8
"1 1866",31.6
"2 1866",38.4
"3 1866",24.6
"4 1866",17.6
"5 1866",12.9
"6 1866",16.5
"7 1866",9.3
"8 1866",12.7
"9 1866",7.3
"10 1866",14.1
"11 1866",9
"12 1866",1.5
"1 1867",0
"2 1867",0.7
"3 1867",9.2
"4 1867",5.1
"5 1867",2.9
"6 1867",1.5
"7 1867",5
"8 1867",4.9
"9 1867",9.8
"10 1867",13.5
"11 1867",9.3
"12 1867",25.2
"1 1868",15.6
"2 1868",15.8
"3 1868",26.5
"4 1868",36.6
"5 1868",26.7
"6 1868",31.1
"7 1868",28.6
"8 1868",34.4
"9 1868",43.8
"10 1868",61.7
"11 1868",59.1
"12 1868",67.6
"1 1869",60.9
"2 1869",59.3
"3 1869",52.7
"4 1869",41
"5 1869",104
"6 1869",108.4
"7 1869",59.2
"8 1869",79.6
"9 1869",80.6
"10 1869",59.4
"11 1869",77.4
"12 1869",104.3
"1 1870",77.3
"2 1870",114.9
"3 1870",159.4
"4 1870",160
"5 1870",176
"6 1870",135.6
"7 1870",132.4
"8 1870",153.8
"9 1870",136
"10 1870",146.4
"11 1870",147.5
"12 1870",130
"1 1871",88.3
"2 1871",125.3
"3 1871",143.2
"4 1871",162.4
"5 1871",145.5
"6 1871",91.7
"7 1871",103
"8 1871",110
"9 1871",80.3
"10 1871",89
"11 1871",105.4
"12 1871",90.3
"1 1872",79.5
"2 1872",120.1
"3 1872",88.4
"4 1872",102.1
"5 1872",107.6
"6 1872",109.9
"7 1872",105.5
"8 1872",92.9
"9 1872",114.6
"10 1872",103.5
"11 1872",112
"12 1872",83.9
"1 1873",86.7
"2 1873",107
"3 1873",98.3
"4 1873",76.2
"5 1873",47.9
"6 1873",44.8
"7 1873",66.9
"8 1873",68.2
"9 1873",47.5
"10 1873",47.4
"11 1873",55.4
"12 1873",49.2
"1 1874",60.8
"2 1874",64.2
"3 1874",46.4
"4 1874",32
"5 1874",44.6
"6 1874",38.2
"7 1874",67.8
"8 1874",61.3
"9 1874",28
"10 1874",34.3
"11 1874",28.9
"12 1874",29.3
"1 1875",14.6
"2 1875",22.2
"3 1875",33.8
"4 1875",29.1
"5 1875",11.5
"6 1875",23.9
"7 1875",12.5
"8 1875",14.6
"9 1875",2.4
"10 1875",12.7
"11 1875",17.7
"12 1875",9.9
"1 1876",14.3
"2 1876",15
"3 1876",31.2
"4 1876",2.3
"5 1876",5.1
"6 1876",1.6
"7 1876",15.2
"8 1876",8.8
"9 1876",9.9
"10 1876",14.3
"11 1876",9.9
"12 1876",8.2
"1 1877",24.4
"2 1877",8.7
"3 1877",11.7
"4 1877",15.8
"5 1877",21.2
"6 1877",13.4
"7 1877",5.9
"8 1877",6.3
"9 1877",16.4
"10 1877",6.7
"11 1877",14.5
"12 1877",2.3
"1 1878",3.3
"2 1878",6
"3 1878",7.8
"4 1878",0.1
"5 1878",5.8
"6 1878",6.4
"7 1878",0.1
"8 1878",0
"9 1878",5.3
"10 1878",1.1
"11 1878",4.1
"12 1878",0.5
"1 1879",0.8
"2 1879",0.6
"3 1879",0
"4 1879",6.2
"5 1879",2.4
"6 1879",4.8
"7 1879",7.5
"8 1879",10.7
"9 1879",6.1
"10 1879",12.3
"11 1879",12.9
"12 1879",7.2
"1 1880",24
"2 1880",27.5
"3 1880",19.5
"4 1880",19.3
"5 1880",23.5
"6 1880",34.1
"7 1880",21.9
"8 1880",48.1
"9 1880",66
"10 1880",43
"11 1880",30.7
"12 1880",29.6
"1 1881",36.4
"2 1881",53.2
"3 1881",51.5
"4 1881",51.7
"5 1881",43.5
"6 1881",60.5
"7 1881",76.9
"8 1881",58
"9 1881",53.2
"10 1881",64
"11 1881",54.8
"12 1881",47.3
"1 1882",45
"2 1882",69.3
"3 1882",67.5
"4 1882",95.8
"5 1882",64.1
"6 1882",45.2
"7 1882",45.4
"8 1882",40.4
"9 1882",57.7
"10 1882",59.2
"11 1882",84.4
"12 1882",41.8
"1 1883",60.6
"2 1883",46.9
"3 1883",42.8
"4 1883",82.1
"5 1883",32.1
"6 1883",76.5
"7 1883",80.6
"8 1883",46
"9 1883",52.6
"10 1883",83.8
"11 1883",84.5
"12 1883",75.9
"1 1884",91.5
"2 1884",86.9
"3 1884",86.8
"4 1884",76.1
"5 1884",66.5
"6 1884",51.2
"7 1884",53.1
"8 1884",55.8
"9 1884",61.9
"10 1884",47.8
"11 1884",36.6
"12 1884",47.2
"1 1885",42.8
"2 1885",71.8
"3 1885",49.8
"4 1885",55
"5 1885",73
"6 1885",83.7
"7 1885",66.5
"8 1885",50
"9 1885",39.6
"10 1885",38.7
"11 1885",33.3
"12 1885",21.7
"1 1886",29.9
"2 1886",25.9
"3 1886",57.3
"4 1886",43.7
"5 1886",30.7
"6 1886",27.1
"7 1886",30.3
"8 1886",16.9
"9 1886",21.4
"10 1886",8.6
"11 1886",0.3
"12 1886",12.4
"1 1887",10.3
"2 1887",13.2
"3 1887",4.2
"4 1887",6.9
"5 1887",20
"6 1887",15.7
"7 1887",23.3
"8 1887",21.4
"9 1887",7.4
"10 1887",6.6
"11 1887",6.9
"12 1887",20.7
"1 1888",12.7
"2 1888",7.1
"3 1888",7.8
"4 1888",5.1
"5 1888",7
"6 1888",7.1
"7 1888",3.1
"8 1888",2.8
"9 1888",8.8
"10 1888",2.1
"11 1888",10.7
"12 1888",6.7
"1 1889",0.8
"2 1889",8.5
"3 1889",7
"4 1889",4.3
"5 1889",2.4
"6 1889",6.4
"7 1889",9.7
"8 1889",20.6
"9 1889",6.5
"10 1889",2.1
"11 1889",0.2
"12 1889",6.7
"1 1890",5.3
"2 1890",0.6
"3 1890",5.1
"4 1890",1.6
"5 1890",4.8
"6 1890",1.3
"7 1890",11.6
"8 1890",8.5
"9 1890",17.2
"10 1890",11.2
"11 1890",9.6
"12 1890",7.8
"1 1891",13.5
"2 1891",22.2
"3 1891",10.4
"4 1891",20.5
"5 1891",41.1
"6 1891",48.3
"7 1891",58.8
"8 1891",33.2
"9 1891",53.8
"10 1891",51.5
"11 1891",41.9
"12 1891",32.3
"1 1892",69.1
"2 1892",75.6
"3 1892",49.9
"4 1892",69.6
"5 1892",79.6
"6 1892",76.3
"7 1892",76.8
"8 1892",101.4
"9 1892",62.8
"10 1892",70.5
"11 1892",65.4
"12 1892",78.6
"1 1893",75
"2 1893",73
"3 1893",65.7
"4 1893",88.1
"5 1893",84.7
"6 1893",88.2
"7 1893",88.8
"8 1893",129.2
"9 1893",77.9
"10 1893",79.7
"11 1893",75.1
"12 1893",93.8
"1 1894",83.2
"2 1894",84.6
"3 1894",52.3
"4 1894",81.6
"5 1894",101.2
"6 1894",98.9
"7 1894",106
"8 1894",70.3
"9 1894",65.9
"10 1894",75.5
"11 1894",56.6
"12 1894",60
"1 1895",63.3
"2 1895",67.2
"3 1895",61
"4 1895",76.9
"5 1895",67.5
"6 1895",71.5
"7 1895",47.8
"8 1895",68.9
"9 1895",57.7
"10 1895",67.9
"11 1895",47.2
"12 1895",70.7
"1 1896",29
"2 1896",57.4
"3 1896",52
"4 1896",43.8
"5 1896",27.7
"6 1896",49
"7 1896",45
"8 1896",27.2
"9 1896",61.3
"10 1896",28.4
"11 1896",38
"12 1896",42.6
"1 1897",40.6
"2 1897",29.4
"3 1897",29.1
"4 1897",31
"5 1897",20
"6 1897",11.3
"7 1897",27.6
"8 1897",21.8
"9 1897",48.1
"10 1897",14.3
"11 1897",8.4
"12 1897",33.3
"1 1898",30.2
"2 1898",36.4
"3 1898",38.3
"4 1898",14.5
"5 1898",25.8
"6 1898",22.3
"7 1898",9
"8 1898",31.4
"9 1898",34.8
"10 1898",34.4
"11 1898",30.9
"12 1898",12.6
"1 1899",19.5
"2 1899",9.2
"3 1899",18.1
"4 1899",14.2
"5 1899",7.7
"6 1899",20.5
"7 1899",13.5
"8 1899",2.9
"9 1899",8.4
"10 1899",13
"11 1899",7.8
"12 1899",10.5
"1 1900",9.4
"2 1900",13.6
"3 1900",8.6
"4 1900",16
"5 1900",15.2
"6 1900",12.1
"7 1900",8.3
"8 1900",4.3
"9 1900",8.3
"10 1900",12.9
"11 1900",4.5
"12 1900",0.3
"1 1901",0.2
"2 1901",2.4
"3 1901",4.5
"4 1901",0
"5 1901",10.2
"6 1901",5.8
"7 1901",0.7
"8 1901",1
"9 1901",0.6
"10 1901",3.7
"11 1901",3.8
"12 1901",0
"1 1902",5.2
"2 1902",0
"3 1902",12.4
"4 1902",0
"5 1902",2.8
"6 1902",1.4
"7 1902",0.9
"8 1902",2.3
"9 1902",7.6
"10 1902",16.3
"11 1902",10.3
"12 1902",1.1
"1 1903",8.3
"2 1903",17
"3 1903",13.5
"4 1903",26.1
"5 1903",14.6
"6 1903",16.3
"7 1903",27.9
"8 1903",28.8
"9 1903",11.1
"10 1903",38.9
"11 1903",44.5
"12 1903",45.6
"1 1904",31.6
"2 1904",24.5
"3 1904",37.2
"4 1904",43
"5 1904",39.5
"6 1904",41.9
"7 1904",50.6
"8 1904",58.2
"9 1904",30.1
"10 1904",54.2
"11 1904",38
"12 1904",54.6
"1 1905",54.8
"2 1905",85.8
"3 1905",56.5
"4 1905",39.3
"5 1905",48
"6 1905",49
"7 1905",73
"8 1905",58.8
"9 1905",55
"10 1905",78.7
"11 1905",107.2
"12 1905",55.5
"1 1906",45.5
"2 1906",31.3
"3 1906",64.5
"4 1906",55.3
"5 1906",57.7
"6 1906",63.2
"7 1906",103.6
"8 1906",47.7
"9 1906",56.1
"10 1906",17.8
"11 1906",38.9
"12 1906",64.7
"1 1907",76.4
"2 1907",108.2
"3 1907",60.7
"4 1907",52.6
"5 1907",42.9
"6 1907",40.4
"7 1907",49.7
"8 1907",54.3
"9 1907",85
"10 1907",65.4
"11 1907",61.5
"12 1907",47.3
"1 1908",39.2
"2 1908",33.9
"3 1908",28.7
"4 1908",57.6
"5 1908",40.8
"6 1908",48.1
"7 1908",39.5
"8 1908",90.5
"9 1908",86.9
"10 1908",32.3
"11 1908",45.5
"12 1908",39.5
"1 1909",56.7
"2 1909",46.6
"3 1909",66.3
"4 1909",32.3
"5 1909",36
"6 1909",22.6
"7 1909",35.8
"8 1909",23.1
"9 1909",38.8
"10 1909",58.4
"11 1909",55.8
"12 1909",54.2
"1 1910",26.4
"2 1910",31.5
"3 1910",21.4
"4 1910",8.4
"5 1910",22.2
"6 1910",12.3
"7 1910",14.1
"8 1910",11.5
"9 1910",26.2
"10 1910",38.3
"11 1910",4.9
"12 1910",5.8
"1 1911",3.4
"2 1911",9
"3 1911",7.8
"4 1911",16.5
"5 1911",9
"6 1911",2.2
"7 1911",3.5
"8 1911",4
"9 1911",4
"10 1911",2.6
"11 1911",4.2
"12 1911",2.2
"1 1912",0.3
"2 1912",0
"3 1912",4.9
"4 1912",4.5
"5 1912",4.4
"6 1912",4.1
"7 1912",3
"8 1912",0.3
"9 1912",9.5
"10 1912",4.6
"11 1912",1.1
"12 1912",6.4
"1 1913",2.3
"2 1913",2.9
"3 1913",0.5
"4 1913",0.9
"5 1913",0
"6 1913",0
"7 1913",1.7
"8 1913",0.2
"9 1913",1.2
"10 1913",3.1
"11 1913",0.7
"12 1913",3.8
"1 1914",2.8
"2 1914",2.6
"3 1914",3.1
"4 1914",17.3
"5 1914",5.2
"6 1914",11.4
"7 1914",5.4
"8 1914",7.7
"9 1914",12.7
"10 1914",8.2
"11 1914",16.4
"12 1914",22.3
"1 1915",23
"2 1915",42.3
"3 1915",38.8
"4 1915",41.3
"5 1915",33
"6 1915",68.8
"7 1915",71.6
"8 1915",69.6
"9 1915",49.5
"10 1915",53.5
"11 1915",42.5
"12 1915",34.5
"1 1916",45.3
"2 1916",55.4
"3 1916",67
"4 1916",71.8
"5 1916",74.5
"6 1916",67.7
"7 1916",53.5
"8 1916",35.2
"9 1916",45.1
"10 1916",50.7
"11 1916",65.6
"12 1916",53
"1 1917",74.7
"2 1917",71.9
"3 1917",94.8
"4 1917",74.7
"5 1917",114.1
"6 1917",114.9
"7 1917",119.8
"8 1917",154.5
"9 1917",129.4
"10 1917",72.2
"11 1917",96.4
"12 1917",129.3
"1 1918",96
"2 1918",65.3
"3 1918",72.2
"4 1918",80.5
"5 1918",76.7
"6 1918",59.4
"7 1918",107.6
"8 1918",101.7
"9 1918",79.9
"10 1918",85
"11 1918",83.4
"12 1918",59.2
"1 1919",48.1
"2 1919",79.5
"3 1919",66.5
"4 1919",51.8
"5 1919",88.1
"6 1919",111.2
"7 1919",64.7
"8 1919",69
"9 1919",54.7
"10 1919",52.8
"11 1919",42
"12 1919",34.9
"1 1920",51.1
"2 1920",53.9
"3 1920",70.2
"4 1920",14.8
"5 1920",33.3
"6 1920",38.7
"7 1920",27.5
"8 1920",19.2
"9 1920",36.3
"10 1920",49.6
"11 1920",27.2
"12 1920",29.9
"1 1921",31.5
"2 1921",28.3
"3 1921",26.7
"4 1921",32.4
"5 1921",22.2
"6 1921",33.7
"7 1921",41.9
"8 1921",22.8
"9 1921",17.8
"10 1921",18.2
"11 1921",17.8
"12 1921",20.3
"1 1922",11.8
"2 1922",26.4
"3 1922",54.7
"4 1922",11
"5 1922",8
"6 1922",5.8
"7 1922",10.9
"8 1922",6.5
"9 1922",4.7
"10 1922",6.2
"11 1922",7.4
"12 1922",17.5
"1 1923",4.5
"2 1923",1.5
"3 1923",3.3
"4 1923",6.1
"5 1923",3.2
"6 1923",9.1
"7 1923",3.5
"8 1923",0.5
"9 1923",13.2
"10 1923",11.6
"11 1923",10
"12 1923",2.8
"1 1924",0.5
"2 1924",5.1
"3 1924",1.8
"4 1924",11.3
"5 1924",20.8
"6 1924",24
"7 1924",28.1
"8 1924",19.3
"9 1924",25.1
"10 1924",25.6
"11 1924",22.5
"12 1924",16.5
"1 1925",5.5
"2 1925",23.2
"3 1925",18
"4 1925",31.7
"5 1925",42.8
"6 1925",47.5
"7 1925",38.5
"8 1925",37.9
"9 1925",60.2
"10 1925",69.2
"11 1925",58.6
"12 1925",98.6
"1 1926",71.8
"2 1926",70
"3 1926",62.5
"4 1926",38.5
"5 1926",64.3
"6 1926",73.5
"7 1926",52.3
"8 1926",61.6
"9 1926",60.8
"10 1926",71.5
"11 1926",60.5
"12 1926",79.4
"1 1927",81.6
"2 1927",93
"3 1927",69.6
"4 1927",93.5
"5 1927",79.1
"6 1927",59.1
"7 1927",54.9
"8 1927",53.8
"9 1927",68.4
"10 1927",63.1
"11 1927",67.2
"12 1927",45.2
"1 1928",83.5
"2 1928",73.5
"3 1928",85.4
"4 1928",80.6
"5 1928",76.9
"6 1928",91.4
"7 1928",98
"8 1928",83.8
"9 1928",89.7
"10 1928",61.4
"11 1928",50.3
"12 1928",59
"1 1929",68.9
"2 1929",64.1
"3 1929",50.2
"4 1929",52.8
"5 1929",58.2
"6 1929",71.9
"7 1929",70.2
"8 1929",65.8
"9 1929",34.4
"10 1929",54
"11 1929",81.1
"12 1929",108
"1 1930",65.3
"2 1930",49.2
"3 1930",35
"4 1930",38.2
"5 1930",36.8
"6 1930",28.8
"7 1930",21.9
"8 1930",24.9
"9 1930",32.1
"10 1930",34.4
"11 1930",35.6
"12 1930",25.8
"1 1931",14.6
"2 1931",43.1
"3 1931",30
"4 1931",31.2
"5 1931",24.6
"6 1931",15.3
"7 1931",17.4
"8 1931",13
"9 1931",19
"10 1931",10
"11 1931",18.7
"12 1931",17.8
"1 1932",12.1
"2 1932",10.6
"3 1932",11.2
"4 1932",11.2
"5 1932",17.9
"6 1932",22.2
"7 1932",9.6
"8 1932",6.8
"9 1932",4
"10 1932",8.9
"11 1932",8.2
"12 1932",11
"1 1933",12.3
"2 1933",22.2
"3 1933",10.1
"4 1933",2.9
"5 1933",3.2
"6 1933",5.2
"7 1933",2.8
"8 1933",0.2
"9 1933",5.1
"10 1933",3
"11 1933",0.6
"12 1933",0.3
"1 1934",3.4
"2 1934",7.8
"3 1934",4.3
"4 1934",11.3
"5 1934",19.7
"6 1934",6.7
"7 1934",9.3
"8 1934",8.3
"9 1934",4
"10 1934",5.7
"11 1934",8.7
"12 1934",15.4
"1 1935",18.9
"2 1935",20.5
"3 1935",23.1
"4 1935",12.2
"5 1935",27.3
"6 1935",45.7
"7 1935",33.9
"8 1935",30.1
"9 1935",42.1
"10 1935",53.2
"11 1935",64.2
"12 1935",61.5
"1 1936",62.8
"2 1936",74.3
"3 1936",77.1
"4 1936",74.9
"5 1936",54.6
"6 1936",70
"7 1936",52.3
"8 1936",87
"9 1936",76
"10 1936",89
"11 1936",115.4
"12 1936",123.4
"1 1937",132.5
"2 1937",128.5
"3 1937",83.9
"4 1937",109.3
"5 1937",116.7
"6 1937",130.3
"7 1937",145.1
"8 1937",137.7
"9 1937",100.7
"10 1937",124.9
"11 1937",74.4
"12 1937",88.8
"1 1938",98.4
"2 1938",119.2
"3 1938",86.5
"4 1938",101
"5 1938",127.4
"6 1938",97.5
"7 1938",165.3
"8 1938",115.7
"9 1938",89.6
"10 1938",99.1
"11 1938",122.2
"12 1938",92.7
"1 1939",80.3
"2 1939",77.4
"3 1939",64.6
"4 1939",109.1
"5 1939",118.3
"6 1939",101
"7 1939",97.6
"8 1939",105.8
"9 1939",112.6
"10 1939",88.1
"11 1939",68.1
"12 1939",42.1
"1 1940",50.5
"2 1940",59.4
"3 1940",83.3
"4 1940",60.7
"5 1940",54.4
"6 1940",83.9
"7 1940",67.5
"8 1940",105.5
"9 1940",66.5
"10 1940",55
"11 1940",58.4
"12 1940",68.3
"1 1941",45.6
"2 1941",44.5
"3 1941",46.4
"4 1941",32.8
"5 1941",29.5
"6 1941",59.8
"7 1941",66.9
"8 1941",60
"9 1941",65.9
"10 1941",46.3
"11 1941",38.3
"12 1941",33.7
"1 1942",35.6
"2 1942",52.8
"3 1942",54.2
"4 1942",60.7
"5 1942",25
"6 1942",11.4
"7 1942",17.7
"8 1942",20.2
"9 1942",17.2
"10 1942",19.2
"11 1942",30.7
"12 1942",22.5
"1 1943",12.4
"2 1943",28.9
"3 1943",27.4
"4 1943",26.1
"5 1943",14.1
"6 1943",7.6
"7 1943",13.2
"8 1943",19.4
"9 1943",10
"10 1943",7.8
"11 1943",10.2
"12 1943",18.8
"1 1944",3.7
"2 1944",0.5
"3 1944",11
"4 1944",0.3
"5 1944",2.5
"6 1944",5
"7 1944",5
"8 1944",16.7
"9 1944",14.3
"10 1944",16.9
"11 1944",10.8
"12 1944",28.4
"1 1945",18.5
"2 1945",12.7
"3 1945",21.5
"4 1945",32
"5 1945",30.6
"6 1945",36.2
"7 1945",42.6
"8 1945",25.9
"9 1945",34.9
"10 1945",68.8
"11 1945",46
"12 1945",27.4
"1 1946",47.6
"2 1946",86.2
"3 1946",76.6
"4 1946",75.7
"5 1946",84.9
"6 1946",73.5
"7 1946",116.2
"8 1946",107.2
"9 1946",94.4
"10 1946",102.3
"11 1946",123.8
"12 1946",121.7
"1 1947",115.7
"2 1947",113.4
"3 1947",129.8
"4 1947",149.8
"5 1947",201.3
"6 1947",163.9
"7 1947",157.9
"8 1947",188.8
"9 1947",169.4
"10 1947",163.6
"11 1947",128
"12 1947",116.5
"1 1948",108.5
"2 1948",86.1
"3 1948",94.8
"4 1948",189.7
"5 1948",174
"6 1948",167.8
"7 1948",142.2
"8 1948",157.9
"9 1948",143.3
"10 1948",136.3
"11 1948",95.8
"12 1948",138
"1 1949",119.1
"2 1949",182.3
"3 1949",157.5
"4 1949",147
"5 1949",106.2
"6 1949",121.7
"7 1949",125.8
"8 1949",123.8
"9 1949",145.3
"10 1949",131.6
"11 1949",143.5
"12 1949",117.6
"1 1950",101.6
"2 1950",94.8
"3 1950",109.7
"4 1950",113.4
"5 1950",106.2
"6 1950",83.6
"7 1950",91
"8 1950",85.2
"9 1950",51.3
"10 1950",61.4
"11 1950",54.8
"12 1950",54.1
"1 1951",59.9
"2 1951",59.9
"3 1951",59.9
"4 1951",92.9
"5 1951",108.5
"6 1951",100.6
"7 1951",61.5
"8 1951",61
"9 1951",83.1
"10 1951",51.6
"11 1951",52.4
"12 1951",45.8
"1 1952",40.7
"2 1952",22.7
"3 1952",22
"4 1952",29.1
"5 1952",23.4
"6 1952",36.4
"7 1952",39.3
"8 1952",54.9
"9 1952",28.2
"10 1952",23.8
"11 1952",22.1
"12 1952",34.3
"1 1953",26.5
"2 1953",3.9
"3 1953",10
"4 1953",27.8
"5 1953",12.5
"6 1953",21.8
"7 1953",8.6
"8 1953",23.5
"9 1953",19.3
"10 1953",8.2
"11 1953",1.6
"12 1953",2.5
"1 1954",0.2
"2 1954",0.5
"3 1954",10.9
"4 1954",1.8
"5 1954",0.8
"6 1954",0.2
"7 1954",4.8
"8 1954",8.4
"9 1954",1.5
"10 1954",7
"11 1954",9.2
"12 1954",7.6
"1 1955",23.1
"2 1955",20.8
"3 1955",4.9
"4 1955",11.3
"5 1955",28.9
"6 1955",31.7
"7 1955",26.7
"8 1955",40.7
"9 1955",42.7
"10 1955",58.5
"11 1955",89.2
"12 1955",76.9
"1 1956",73.6
"2 1956",124
"3 1956",118.4
"4 1956",110.7
"5 1956",136.6
"6 1956",116.6
"7 1956",129.1
"8 1956",169.6
"9 1956",173.2
"10 1956",155.3
"11 1956",201.3
"12 1956",192.1
"1 1957",165
"2 1957",130.2
"3 1957",157.4
"4 1957",175.2
"5 1957",164.6
"6 1957",200.7
"7 1957",187.2
"8 1957",158
"9 1957",235.8
"10 1957",253.8
"11 1957",210.9
"12 1957",239.4
"1 1958",202.5
"2 1958",164.9
"3 1958",190.7
"4 1958",196
"5 1958",175.3
"6 1958",171.5
"7 1958",191.4
"8 1958",200.2
"9 1958",201.2
"10 1958",181.5
"11 1958",152.3
"12 1958",187.6
"1 1959",217.4
"2 1959",143.1
"3 1959",185.7
"4 1959",163.3
"5 1959",172
"6 1959",168.7
"7 1959",149.6
"8 1959",199.6
"9 1959",145.2
"10 1959",111.4
"11 1959",124
"12 1959",125
"1 1960",146.3
"2 1960",106
"3 1960",102.2
"4 1960",122
"5 1960",119.6
"6 1960",110.2
"7 1960",121.7
"8 1960",134.1
"9 1960",127.2
"10 1960",82.8
"11 1960",89.6
"12 1960",85.6
"1 1961",57.9
"2 1961",46.1
"3 1961",53
"4 1961",61.4
"5 1961",51
"6 1961",77.4
"7 1961",70.2
"8 1961",55.9
"9 1961",63.6
"10 1961",37.7
"11 1961",32.6
"12 1961",40
"1 1962",38.7
"2 1962",50.3
"3 1962",45.6
"4 1962",46.4
"5 1962",43.7
"6 1962",42
"7 1962",21.8
"8 1962",21.8
"9 1962",51.3
"10 1962",39.5
"11 1962",26.9
"12 1962",23.2
"1 1963",19.8
"2 1963",24.4
"3 1963",17.1
"4 1963",29.3
"5 1963",43
"6 1963",35.9
"7 1963",19.6
"8 1963",33.2
"9 1963",38.8
"10 1963",35.3
"11 1963",23.4
"12 1963",14.9
"1 1964",15.3
"2 1964",17.7
"3 1964",16.5
"4 1964",8.6
"5 1964",9.5
"6 1964",9.1
"7 1964",3.1
"8 1964",9.3
"9 1964",4.7
"10 1964",6.1
"11 1964",7.4
"12 1964",15.1
"1 1965",17.5
"2 1965",14.2
"3 1965",11.7
"4 1965",6.8
"5 1965",24.1
"6 1965",15.9
"7 1965",11.9
"8 1965",8.9
"9 1965",16.8
"10 1965",20.1
"11 1965",15.8
"12 1965",17
"1 1966",28.2
"2 1966",24.4
"3 1966",25.3
"4 1966",48.7
"5 1966",45.3
"6 1966",47.7
"7 1966",56.7
"8 1966",51.2
"9 1966",50.2
"10 1966",57.2
"11 1966",57.2
"12 1966",70.4
"1 1967",110.9
"2 1967",93.6
"3 1967",111.8
"4 1967",69.5
"5 1967",86.5
"6 1967",67.3
"7 1967",91.5
"8 1967",107.2
"9 1967",76.8
"10 1967",88.2
"11 1967",94.3
"12 1967",126.4
"1 1968",121.8
"2 1968",111.9
"3 1968",92.2
"4 1968",81.2
"5 1968",127.2
"6 1968",110.3
"7 1968",96.1
"8 1968",109.3
"9 1968",117.2
"10 1968",107.7
"11 1968",86
"12 1968",109.8
"1 1969",104.4
"2 1969",120.5
"3 1969",135.8
"4 1969",106.8
"5 1969",120
"6 1969",106
"7 1969",96.8
"8 1969",98
"9 1969",91.3
"10 1969",95.7
"11 1969",93.5
"12 1969",97.9
"1 1970",111.5
"2 1970",127.8
"3 1970",102.9
"4 1970",109.5
"5 1970",127.5
"6 1970",106.8
"7 1970",112.5
"8 1970",93
"9 1970",99.5
"10 1970",86.6
"11 1970",95.2
"12 1970",83.5
"1 1971",91.3
"2 1971",79
"3 1971",60.7
"4 1971",71.8
"5 1971",57.5
"6 1971",49.8
"7 1971",81
"8 1971",61.4
"9 1971",50.2
"10 1971",51.7
"11 1971",63.2
"12 1971",82.2
"1 1972",61.5
"2 1972",88.4
"3 1972",80.1
"4 1972",63.2
"5 1972",80.5
"6 1972",88
"7 1972",76.5
"8 1972",76.8
"9 1972",64
"10 1972",61.3
"11 1972",41.6
"12 1972",45.3
"1 1973",43.4
"2 1973",42.9
"3 1973",46
"4 1973",57.7
"5 1973",42.4
"6 1973",39.5
"7 1973",23.1
"8 1973",25.6
"9 1973",59.3
"10 1973",30.7
"11 1973",23.9
"12 1973",23.3
"1 1974",27.6
"2 1974",26
"3 1974",21.3
"4 1974",40.3
"5 1974",39.5
"6 1974",36
"7 1974",55.8
"8 1974",33.6
"9 1974",40.2
"10 1974",47.1
"11 1974",25
"12 1974",20.5
"1 1975",18.9
"2 1975",11.5
"3 1975",11.5
"4 1975",5.1
"5 1975",9
"6 1975",11.4
"7 1975",28.2
"8 1975",39.7
"9 1975",13.9
"10 1975",9.1
"11 1975",19.4
"12 1975",7.8
"1 1976",8.1
"2 1976",4.3
"3 1976",21.9
"4 1976",18.8
"5 1976",12.4
"6 1976",12.2
"7 1976",1.9
"8 1976",16.4
"9 1976",13.5
"10 1976",20.6
"11 1976",5.2
"12 1976",15.3
"1 1977",16.4
"2 1977",23.1
"3 1977",8.7
"4 1977",12.9
"5 1977",18.6
"6 1977",38.5
"7 1977",21.4
"8 1977",30.1
"9 1977",44
"10 1977",43.8
"11 1977",29.1
"12 1977",43.2
"1 1978",51.9
"2 1978",93.6
"3 1978",76.5
"4 1978",99.7
"5 1978",82.7
"6 1978",95.1
"7 1978",70.4
"8 1978",58.1
"9 1978",138.2
"10 1978",125.1
"11 1978",97.9
"12 1978",122.7
"1 1979",166.6
"2 1979",137.5
"3 1979",138
"4 1979",101.5
"5 1979",134.4
"6 1979",149.5
"7 1979",159.4
"8 1979",142.2
"9 1979",188.4
"10 1979",186.2
"11 1979",183.3
"12 1979",176.3
"1 1980",159.6
"2 1980",155
"3 1980",126.2
"4 1980",164.1
"5 1980",179.9
"6 1980",157.3
"7 1980",136.3
"8 1980",135.4
"9 1980",155
"10 1980",164.7
"11 1980",147.9
"12 1980",174.4
"1 1981",114
"2 1981",141.3
"3 1981",135.5
"4 1981",156.4
"5 1981",127.5
"6 1981",90
"7 1981",143.8
"8 1981",158.7
"9 1981",167.3
"10 1981",162.4
"11 1981",137.5
"12 1981",150.1
"1 1982",111.2
"2 1982",163.6
"3 1982",153.8
"4 1982",122
"5 1982",82.2
"6 1982",110.4
"7 1982",106.1
"8 1982",107.6
"9 1982",118.8
"10 1982",94.7
"11 1982",98.1
"12 1982",127
"1 1983",84.3
"2 1983",51
"3 1983",66.5
"4 1983",80.7
"5 1983",99.2
"6 1983",91.1
"7 1983",82.2
"8 1983",71.8
"9 1983",50.3
"10 1983",55.8
"11 1983",33.3
"12 1983",33.4
